Country;Notes;1988;1989;1990;1991;1992;1993;1994;1995;1996;1997;1998;1999;2000;2001;2002;2003;2004;2005;2006;2007;2008;2009;2010;2011;2012;2013;2014;2015;2016;2017;2018;2019;2020;2021;2022;2023;2024;2025
Algeria;§4;43,3;35;36,1;22;40,1;47,4;48,4;43,8;50,5;59,8;64;60,4;61,3;67,2;66,6;69;86,5;89;92,8;116,4;150;150,2;158,3;236,8;250,3;267,2;305,8;262,7;252,7;244,1;227,6;240,2;222,2;205,2;202,7;398,5;469,1;539,7
Libya;‡§¶16;...;...;...;...;...;...;...;...;...;249,1;282,9;222,7;206,5;153,1;83;97,3;120,7;119,2;103,8;105,8;178,3;...;...;...;488;635,7;589,3;...;...;...;...;...;...;...;168,9;216,4;...;...
Morocco;§17;39,4;41,8;44,3;46,7;49,1;49,2;52,9;54,9;54,4;51,9;52,7;43,4;30,4;51,4;50,8;61,9;65,1;67,4;69,8;77,7;93,8;96;98;102,3;102,7;121,1;119,1;95;95,6;99,1;103,7;102,5;132,7;144,8;134,5;138,3;145,6;165,5
Tunisia;;29,5;29;30,1;31;33,7;31,5;33,2;37,7;43,1;38,3;38,6;37,2;34,2;34,2;34,8;40,6;43,9;45,9;48,3;47,2;55,2;53,3;53,3;66,1;62,2;68,6;81;86,4;86,1;73,9;72;84,5;96,6;102,4;94,9;99,3;107,5;120,6
Angola;§‖1;137,6;176,4;153,2;87,2;65;140,6;45,7;17,4;11,5;31,7;11,4;69,2;36,6;24,6;25,8;38;44,8;72,1;100,3;99,7;149,4;150,6;153,3;153,3;167,9;237,3;256,7;130,5;96,4;103,1;64,4;46,2;30,1;28,7;46,3;34,5;24,8;37,9
Benin;§;7,6;5,7;6,3;...;...;...;...;...;...;...;...;2,6;2;1,8;3,5;4,4;5,2;5,4;5,5;...;7,1;...;...;...;7,6;8,2;8,6;8,1;6,9;9,9;7,4;5,4;5,6;7,4;8,1;10,7;11,7;14,8
Botswana;;76,9;82,1;121,3;130,2;130,9;132,6;118,3;112,1;92,6;103,3;113,9;104,4;111,3;124,1;129,3;171;175,3;155,7;147;161,9;172,2;167,6;173,3;176,8;156,2;144,2;160,6;175,4;231,9;232,1;218,2;222,3;212,5;225,2;211,9;142,1;207,7;241,7
Burkina Faso;†;6,7;7,6;9,3;7,5;7,5;6,2;3;3,6;3,5;3,6;3,6;3,7;3,1;3;3,4;3,9;4,9;5,4;5,1;7,4;7,8;8,2;7,8;8,5;8,7;9,5;9,9;8;7,8;9,7;15,2;17,3;18;21,1;25,3;36,3;44;37,4
Burundi;‡;6,4;7;7,2;7,6;6,8;6,1;7,8;7;8,3;10,2;9,6;8,1;6,6;8,1;6,7;6,3;6,3;6,7;5,8;5,8;5,3;...;...;...;6;5,9;5,9;6;6;5,6;5,6;7;5,4;5,3;7,7;10,8;12,4;15,9
Cameroon;§;14,7;13,5;16,2;15,5;15,5;13,8;7,5;8,8;8,8;8,7;9,8;10,1;8,4;8,2;9,4;11,8;13,5;13,2;14,8;16,7;18,9;18,2;18,3;17,4;17,3;18,6;18,5;15,8;16,8;17,1;17,6;16,8;15,2;16,7;15,3;16,3;18,6;21,3
Cape Verde;;14,1;...;...;...;9,1;6,9;8,4;15;10,1;9,6;10,3;11,3;15,1;10,2;9,7;12,3;13,5;14,7;14,3;16,1;21,6;16,7;16,2;19,1;19;19,2;19,6;17,4;19,8;18,2;20,9;18,9;21,9;21,8;19,8;27,5;32,1;38,2
Central African Republic;14;...;...;...;7,4;7,7;6,2;3,3;3,9;3,6;...;...;...;...;...;2,7;3,7;3,6;3,6;...;4,3;7;7,8;11,6;11;9,3;10,4;8,2;5,8;5,7;5,8;6,3;8,3;8,9;10,9;8,2;12,3;13,6;13,7
Chad;§;14,1;9,9;5,8;...;5,6;6;3,3;2,9;3,4;2,2;2,1;2,6;2,6;3;3,8;4,4;5,2;5,5;21,2;35,7;54,3;63,2;50,9;48,7;...;54,1;28,1;15,3;20,8;14,3;15,9;14,3;19,1;18,9;18,3;19,9;28,1;31,3
Democratic Republic of Congo;§15;6,4;1,9;1,3;1,2;2,2;11,7;...;...;2;1,8;0,6;3,1;2,7;...;...;1,4;2,5;2,9;3,4;3,3;2,5;1,9;2,7;3,4;4,6;5;4,4;6,2;4,8;3,5;3,3;3,9;3,8;3,1;3,7;7,6;8,4;11
Congo;§;...;...;...;...;50,6;42,9;...;...;...;...;...;...;...;16,9;21,3;27,7;35,5;27,8;33,6;43;51,3;...;49,8;...;...;76,5;143,4;...;97,3;70,4;54;54;52,5;53,8;44,6;46,7;29,1;32
Cote d'Ivoire;18;11,6;11,3;12;11,6;12,1;11;6;...;6,8;5,9;...;...;...;...;...;11,3;13;12,6;13,2;15,6;17,3;19,3;17,4;15,7;17,5;18,1;21,6;22,9;23,5;19;22,4;19,3;21,3;21,8;20,2;22,2;20,9;23,5
Djibouti;§;66,2;62,2;56,9;51,9;51,7;51,6;49;47,2;38,4;40,4;38,9;37,6;35,4;34,3;42,4;51,7;45,6;53,9;58,5;39,9;41,1;...;...;...;...;...;...;...;...;...;...;...;...;...;...;...;...;...
Equatorial Guinea;§;...;...;...;...;...;...;4,4;6,2;...;...;...;...;...;...;...;...;...;...;...;193,9;276,3;335,2;...;...;...;...;121,3;96,2;94;88,7;94,1;90,4;95,7;93,8;88;88,8;61,3;63
Eritrea;§‖19;...;...;...;...;...;59,4;42,2;64,8;71,8;43,4;121,3;124,5;103,3;73,7;63,8;75;...;...;...;...;...;...;...;...;...;...;...;...;...;...;...;...;...;...;...;...;...;...
Ethiopia;§;14,2;17,4;16,8;10,9;5;3,1;2,7;2,2;2,2;3,7;7,4;10,9;9,3;5,1;4,1;3,8;4,2;4,4;4,3;4,4;4,6;3,9;3,3;3,5;3,9;3,9;4;4,1;4,7;4,8;4,6;4,5;3,8;3,7;8,3;9,7;5,4;3,9
Gabon;§20;...;...;...;...;...;...;...;...;...;...;...;...;72,5;69,7;71,4;79,5;89,3;81,9;87,7;...;...;...;159;152;153,3;150,1;106,9;84,7;97,9;125,6;119,6;119,1;114,8;132,6;115,5;108;127;138,8
Gambia;‡§21;2,3;2,7;3,4;3,7;3,1;2,2;1,9;2,3;3,1;3,2;3;2,5;2,3;1,7;1,5;1,3;1,2;1,8;1,6;2,6;9,6;3,8;...;...;5,6;5;6,8;6,3;...;...;4,8;6;6;6,2;6;5,4;5,4;5,3
Ghana;‖22;1,6;1,5;1,8;2,7;2,6;2,5;2,3;2,9;2,5;2,5;3,1;3,1;2,6;1,6;1,8;2,5;2,6;2,9;3,3;5,4;4,8;4,8;4,9;9;12,6;9,3;9,6;6,8;5,6;6,4;7,2;7,6;7,8;9,5;7,6;9;8;14,6
Guinea;23;...;...;...;10,9;8,2;6,3;6,3;...;...;5,6;5,6;6,8;5,5;10,3;11,4;9,6;9;...;...;...;...;...;...;...;15,7;17,8;17,4;19,1;13,6;14,9;15,7;15,4;15,7;18,1;31,8;35,5;38,6;40,2
Guinea-Bissau;‖24;...;4,7;...;...;...;...;1,9;2;1,7;1,6;2,5;...;7,8;5;5;5,8;...;8,9;...;...;...;9,1;11,1;11;15;13;12,5;9,7;8,7;10,3;5,6;11,5;12,1;12,6;9;8,6;10,7;10
Kenya;†;12;10,5;11;8,2;6,5;4,3;4,6;5,7;6,3;6,3;6;5,2;5,5;6,3;6,7;7,4;7,6;9;10,3;13,2;15;14,5;15,2;15,3;19,4;19,4;18;18,1;19,6;20,9;22,4;22;21,6;22,6;21,5;19,2;22,5;25,8
Lesotho;§;9,8;12,9;13,5;12,2;13;11,7;13,5;17,7;14,4;14,5;13,9;17;15,2;11,7;9,8;13,7;15,9;17,1;18,1;20,5;14;24;35,5;29;26,3;23,4;23,1;21;19,6;24,5;23,5;20,4;17,4;16,5;15,2;15;15,8;17
Liberia;25;10,4;...;...;13,2;11,2;14,3;18;...;...;...;...;...;...;...;...;...;1;2,5;1,2;1;1;1,9;2,1;3,2;3,5;3,4;3,2;3,2;3,1;2,8;2,7;2,6;2,5;5,7;9,8;11,5;6,1;7,8
Madagascar;‖26;2,9;2,6;3,2;2,8;1,8;2,9;2,1;2;3,5;3,6;3,3;2,9;2,9;3,9;3,3;4,1;3;2,9;2,8;4,1;5;3,3;2,6;3,2;3;3;2,9;2,3;2,3;2,5;2,7;2,8;3,1;3,4;3,3;3,3;3,9;3,7
Malawi;;2,4;2,5;2,6;2,4;2,5;2,5;1,7;1,1;2;2,5;1,4;1,3;1;1,1;1,3;1,1;1,8;3;2,4;2,5;3,2;4,1;3,4;3,5;3;3,9;3;2,4;2;2,7;3,2;4,5;5,1;4,6;5,7;7;5,5;7,4
Mali;¶;5,5;5,2;5,7;...;...;4,6;3;4;3,9;3,8;3,8;4;3,8;3,8;4,1;5,3;6;6,5;7;7,8;9,7;9,5;9,4;9,9;8,9;9;12,3;16,9;19,2;23,6;23,9;22,9;27,8;29,6;25,6;33,5;38,7;38,4
Mauritania;§;23,5;20,7;20,9;19,9;19,3;14,1;13,3;14;16,2;17,5;10,5;12,8;14,7;19,6;13,4;22,5;...;23;27,5;...;39,4;35,5;...;...;40;39,2;38,2;34;34,1;34,8;37,3;36,6;44,3;49,1;47;55,8;54;61,4
Mauritius;†;4,4;5,9;8,5;9,6;10,3;9,6;10,4;11,7;11,1;8,3;7,1;7,5;7,7;7,3;7,7;8,8;8,8;8,7;8,6;9,2;12,2;12;11,6;13,6;12,9;18;15,3;13,2;17;17,6;17,9;16,7;14,3;15,3;14;18,6;14,9;18,8
Mozambique;‖27;5;6,2;6,5;5,4;4,4;4,3;5,1;2,1;2,2;2,5;2,9;3,2;3,1;2,8;2,9;3,1;4;3,1;2,8;3,3;3,9;3,8;4,4;5,1;5,8;6,4;6,8;5,1;4,1;4,7;6,9;7,3;9,5;9,9;13;12,2;14,2;13,3
Namibia;;xxx;xxx;116,6;103,9;86,6;47,3;37,2;43,2;40,9;50,2;46,1;60,3;51,4;52,6;46,9;68;86,5;98,3;100,8;113,8;131,2;144,4;189,2;207,5;190,7;173,7;235,8;219,1;177;183,6;179,4;158,3;137;144,5;128,3;115,8;122,7;134,1
Niger;;...;...;...;...;...;...;1,9;1,9;1,8;1,7;2,1;2,2;1,8;2,1;1,7;2;2,4;2,4;...;...;3,6;3,4;4,1;5;8,5;5,8;7,7;...;8,2;9,5;10,5;11;10,2;8,4;9,7;12,9;16,4;17,8
Nigeria;§28;3;1,8;2,9;2,5;1,7;2,8;3;5,8;6,2;7,1;9,7;4;3;4,5;6,8;4,3;4,6;4,7;5,3;6,4;10,4;9,4;12,1;14,1;13,3;13,5;12,9;11;9,1;8,2;10,6;10,5;12,8;20,6;14;13,6;4,9;8,9
Rwanda;29;5,3;5,9;13;14,1;11,7;11,5;4,9;10,5;12,4;10,4;10,8;10;7,5;6,9;6,1;5,3;4,7;5;5,9;5,9;7;7,6;7,3;7,2;7,5;7,5;8,1;9;9,2;9,6;9,6;9,8;11,6;12,7;13,2;13;12,4;13,3
Senegal;§30;14,7;13,5;15,5;14;13,6;14,5;7,8;9,3;8,9;7,7;8;8,1;6,3;6,8;7,2;9,1;9,9;11,2;13,1;16,6;18,2;17,6;15,7;18;15;17,5;17,2;14,9;20,6;20;24,5;22,1;20,9;28,4;24,1;25,1;34,9;30,3
Seychelles;†;169,3;179,4;201,7;222,6;272,5;170,4;154,8;149,2;134,2;143,9;131,7;136,3;124,9;131,8;137,3;141,5;181,8;166;159,9;166,9;120,9;92,9;76;91;101;136,6;299;170,9;202;200,1;189,1;186,4;158,9;300,8;188,5;231,1;213,8;215,6
Sierra Leone;31;2,3;3,6;3;5,4;6,4;5,6;6,4;6;4,5;2,2;2,3;3,9;5,4;6,6;5,6;5,6;4,4;4,3;5;5,1;4,1;4,4;4,1;4;4,6;4,8;7,2;5,6;6,1;5,4;4;3,2;4,2;5,4;5,1;4,6;6;3,7
Somalia;32;6,7;1,2;...;...;...;...;...;...;...;...;...;...;...;...;...;...;...;...;...;...;...;...;...;...;...;2,1;4,6;3,4;3,4;4,2;5;4,6;6;6,5;6,8;7,7;10,8;10,3
South Africa;;112,5;107,1;108,6;93,8;87,4;76;79,4;74,5;57,8;53,2;41,5;37,4;40,3;38,1;37;53,3;63,6;72,4;70,5;70,2;64,7;69,9;80,5;87,2;84,2;75,9;70,6;62,2;54,8;62,9;62,4;58,1;53,8;58,1;55,9;48,7;47,7;49,3
South Sudan;33;xxx;xxx;xxx;xxx;xxx;xxx;xxx;xxx;xxx;xxx;xxx;xxx;xxx;xxx;xxx;xxx;xxx;xxx;70,9;71,9;104,2;67,5;68,9;106,2;93,8;89,5;114,6;25,5;7,1;6,1;13,8;14,7;9;5,9;9,3;13,3;14,3;14,8
Sudan;§‖34;17,7;...;54;61,4;8,1;11,1;9,5;5,7;4,3;3,8;9,9;16;21,4;13,8;16,8;13,5;41,1;37,7;52,1;75;97,3;93,3;...;...;...;...;...;57,8;67,2;104;22,9;16,1;20,3;7,8;...;...;...;...
Eswatini;‡35;11,2;10,6;16,6;18;22,6;24,7;26,3;30;27;25,7;25,4;25,2;23,6;18,8;17,4;30;39,9;55,3;54,1;56,9;60,9;68,9;92;95,6;80,9;76,4;71,8;64,5;70,3;76,1;82,4;73,7;64,8;69;68,6;67,8;67,3;74,7
Tanzania;;5,1;4,2;3,4;4,1;3,6;2,1;2;2,8;3,3;3,8;4,2;3,9;4;4,3;3,9;3,4;3,4;3,6;3,7;4,1;4,6;5,1;6,4;6,8;7,7;9,2;10,2;10,1;10,3;10,3;10,7;10,7;11,4;12,3;13,9;14,6;13,8;14,8
Togo;;11,6;10,9;12,9;11,3;11,8;11,7;6,2;7,1;...;...;...;...;...;...;...;5,3;5,6;5,8;...;...;9,1;8,5;8,6;8,6;9;10,1;11,3;9,2;10,6;11,1;12,8;20,4;19,1;22,7;37,5;30,1;22,6;21,3
Uganda;;8,7;8,4;6,2;4,1;2,8;3,3;5,3;6,2;6,5;6,5;7;7;6;5,6;5,7;5,9;7,3;7,9;7,7;8,6;10,4;9,5;19,1;18,5;10,4;8,6;9,1;8,3;8,4;8,8;10;15,3;22,5;23,5;19,8;20,3;22,6;25,6
Zambia;§;11,9;22,4;18,1;10,9;12,1;6,2;7,4;6,4;4,3;4,8;...;5,8;...;...;...;...;8,8;12,1;17,3;18,8;21,7;16,7;20,4;21,8;23,6;25,2;28,4;23,1;18;19,6;21,4;16;11,3;11,2;16,4;18,1;16,6;18,8
Zimbabwe;§‖36;43,1;42;41,6;36,6;28,1;23;22,8;24,1;26,4;27,7;26,7;22,5;29,2;24;56,3;16;20,8;10,6;12,9;...;...;...;7,4;14,7;23,2;25,6;26,1;26,3;24,7;23,2;28,2;36,1;15,7;30,3;20,9;53,7;6;9,5
Belize;;...;24,6;26,3;25,6;28;31,8;40,1;40;38,5;44;...;...;30;30,5;31,1;32,9;35,4;38,9;43,3;47,1;62,3;56;48,4;47,6;46;52,6;57,7;55,9;60,3;62,4;61,9;63,7;67;67,9;70;79,6;85;79,3
Costa Rica;37;0;0;0;0;0;0;0;0;0;0;0;0;0;0;0;0;0;0;0;0;0;0;0;0;0;0;0;0;0;0;0;0;0;0;0;0;0;0
Cuba;§38;...;...;...;...;...;...;...;...;...;...;...;...;...;...;...;26,5;5,5;7;6,8;7,4;7,9;8,2;8,3;8,3;11,2;10,6;11,1;10,5;11;10,9;11,4;...;...;...;...;...;...;...
Dominican Republic;;7;7,7;6,8;4,7;8,6;12,8;13,2;10,8;13,4;18,6;19,3;20,9;29;35,4;30,9;17,5;16,9;29,7;27,9;29,2;35,1;33,3;36,4;35,3;39,6;37,8;42,7;44,1;45,7;50,2;55,4;56,6;54,7;55,2;69,2;83,9;88,9;90,4
El Salvador;39;34,8;40,6;30,6;26,6;24,2;20,7;19,2;19,5;19,2;19,3;18,9;19,5;18,6;25,3;27;21,1;21,3;22,1;23,7;27,6;28,7;31,4;33,2;36,3;36,8;38,8;38;40,1;40;42;47,4;51;55,3;56,3;73,2;72,2;77,6;77,1
Guatemala;;17,4;17,5;14,9;13;16,4;15;15,4;15,6;13,5;12,3;12,7;11;13,7;16,6;13,1;14,4;9,1;8,1;9,9;10,1;12,1;10,5;11,8;13,5;15;16,4;15,8;15,9;18,1;16,7;16,3;19,5;19,9;19,3;24,9;24,3;24,8;34,1
Haiti;§40;0,3;0,3;0,4;0,3;0,2;0,2;0,2;0,3;...;...;...;...;...;...;...;...;...;...;...;...;...;...;...;...;...;0,4;0,5;0,5;0,6;0,6;0,9;1,1;1,4;2,6;1,1;1;1,7;3,3
Honduras;41;28,4;28,9;13,7;9,4;...;7,6;...;...;...;...;...;...;8,1;9,4;9,3;11,7;8,4;8,5;10;12,4;16,7;19,4;20,6;23,7;24,3;28,9;26,9;31,5;35,8;38,7;37;39,8;34,1;41,3;44,4;49,7;51;53,2
Jamaica;;13,2;17,4;16,3;13,3;19,6;18,3;13,9;14,2;16,6;21,6;18,6;17,5;16,8;17,7;21,6;20,7;20,5;22,1;27;30,8;48,1;42;42,1;48,5;49,8;46,2;43,5;44,2;47,9;51,2;74,4;94,3;83,4;75,8;77,7;81,1;97,2;101
Mexico;;12,4;14,3;14,8;17,4;21,4;24,4;29,8;17,4;20,5;23,4;23,9;27,5;31;32,5;31,5;28,9;27,5;29,7;28,5;39,1;39,6;40,6;42,5;48;49,3;55,1;56,7;45,4;43,9;41,2;47,1;53,1;63,7;68,2;78,5;91,7;158;103,9
Nicaragua;42;...;...;277,7;16,1;11;9,1;7,9;7,6;6,7;6,3;5,4;5,5;6,2;5,6;6,8;6,8;6,2;6,4;6,9;7,2;7,7;7,4;7,8;8,9;12;12,5;13,5;16,2;13,7;13,8;12,8;11,8;12,2;11,7;12,6;14,6;15,8;16,7
Panama;43;44,2;42,8;30,1;31,7;31,1;36,8;38,2;35,8;36,8;42;36,3;38,2;0;0;0;0;0;0;0;0;0;0;0;0;0;0;0;0;0;0;0;0;0;0;0;0;0;0
Trinidad and Tobago;;...;...;...;...;...;17,7;18,8;...;...;...;...;...;...;10,5;14,7;25,3;56,5;72,5;85,3;91,6;101,6;100,7;103,5;105;120,6;150;133,3;141,8;150,7;139,9;114,5;115,9;115,4;140;146,3;163;158,1;152,3
Canada;;370,4;396;413,7;405,2;380,8;358,2;330,4;313,2;290,9;265,5;256,6;269,5;270;269,8;270,7;314,2;354,5;402,3;454,3;529,1;581,5;563;567,8;622,3;588,8;527,4;554,9;509,1;483,3;584,3;582,7;566,7;617;644,4;651,1;739,3;774,4;938,6
United States;44;1252,3;1290;1291;1174,4;1259,7;1212,6;1166,6;1108,6;1068,3;1077,1;1059,1;1074,3;1142,8;1173;1324,8;1527,1;1692,2;1812,1;1878,7;1963,5;2164,5;2303;2384,3;2406,6;2297,8;2131,8;2014,3;1952,5;1953;1955,5;2045,4;2182,7;2295,2;2373,2;2527;2674,7;2917,2;2755,4
Argentina;5;85,5;45;63,1;86,6;97,3;99,3;109,2;109,1;95,7;93,5;94;94,6;88,3;85,1;29,5;36;38;43,6;46,9;57,7;69,4;73,4;84,6;97,6;108,8;121,3;116,4;126,8;103,2;123,8;86,4;69,9;62,7;67,9;95,6;107,4;91,6;84,7
Bolivia;10;13,7;14,7;19,4;19,9;19,2;14,6;17,6;18;18,5;22,3;27,8;21,1;20,3;21,8;17,8;19,3;18,2;17,7;17,8;20,3;37,5;30,7;54,2;39,3;47,9;53,3;58,1;53,1;46,8;51,2;52,8;51,2;43,4;45,1;35,7;48,4;46,3;55,1
Brazil;;41,2;60,4;62,5;44,5;32,6;45,6;67;89,2;86,4;84,2;85,5;57,9;65,6;62,4;54,5;46,7;53,8;74;88,3;109,2;129,1;134,1;176,3;189,9;173,3;166,3;163,9;122,5;119,7;143,5;137,2;125,3;94,1;91,7;97,9;103,4;99,1;112,7
Chile;45;77,6;75,5;77,4;76,6;84,9;92,3;103,2;126,7;130,1;142,9;140,5;134,2;136,5;121,4;112,8;129,7;166,8;190,6;234,7;242,5;277,1;230,6;286,3;329,3;313,5;314,2;287,1;257,9;264,4;291,9;296,2;271,8;271,4;267,6;238,4;279;279,3;268,9
Colombia;46;28;27,5;27,7;27,8;33;44,8;57,6;73,8;119,5;81,2;90,5;85,2;78,1;82,8;83,7;80,7;98,4;117,4;125,6;157,7;208,1;205,2;234,1;228,9;257,3;272,2;255,5;195,2;183,9;210;208,7;205,5;189,8;199,9;187,8;207,2;263,8;272,8
Ecuador;47;20;18,7;19,5;19,7;19,5;25;25,8;41,4;35,8;41,9;45,2;23,9;21,1;30;38,8;55,8;52,6;69,5;68;92,2;113,9;132,6;140;161,4;167,6;174,3;175;160,8;153,4;148,1;150,9;136,3;134,9;136,7;145,8;150,4;159,6;150,2
Guyana;48;14,5;8;4,8;2,7;4,8;5,9;7,3;7,5;7,3;...;...;...;16,5;18,8;21,8;21,4;29;24,3;25,2;32,9;40,4;41,2;41,4;43,4;45,1;47;52,2;61,4;67,7;77,7;80,2;82,8;95,5;94,6;108,1;134,2;249,4;297,1
Paraguay;49;47,4;25,3;28,2;48,3;40,4;36,7;36,5;45,7;43,6;35,4;28,7;23,5;21,8;17,7;13,4;12;15,8;14,3;19,5;23,9;30,1;29,9;35,9;49,4;54,8;62,5;66,1;63,2;55,3;55,3;60,6;57,1;55,5;55,2;54,4;58,5;60,1;60,4
Peru;50;35,4;40,5;35,7;31,3;39,8;41,3;47;58,6;56,8;47,1;44,8;38,2;34,5;33,7;30,9;32,5;33,3;43;45,8;46,9;52,5;64,2;75,2;80,7;97,1;111,4;107,4;109,4;82,8;85,9;83,9;85,4;81,2;79,8;84;98,3;74,7;75,5
Uruguay;;85;96,8;106,1;86,3;117,2;133,1;142,3;164,7;180;178,9;177,4;176,9;170,5;159,9;105;82,2;85,1;105,8;119,5;126,4;172,1;174,6;228;248,2;277,6;312,9;308,7;288,5;292,6;344,2;374,9;339,9;320,9;366,5;382,9;445,7;467,3;577,2
Venezuela;‖51;58,9;62,6;37,7;49;48,3;61,3;43,7;54,6;32,7;67,3;62,1;59,1;73,6;77,2;42,5;38,5;55,5;100,3;134,4;158,6;203,2;143,6;139,4;123,4;174,1;208,5;51,7;10,5;7,1;69,1;…;…;…;…;…;…;…;…
Australia;;354,7;376,5;394,3;407,2;394,2;381,7;419;426,1;450,7;431,1;382,1;413,2;382,5;365,9;407,9;503,7;601,8;656,6;697,1;828,1;880,8;878,3;1056,3;1192,5;1157,2;1077;1100,8;1011,7;1093,5;1128,8;1076,6;1030,4;1064,1;1266,6;1244;1230,5;1287,8;1315,9
Fiji;†68;32,7;38,1;39,7;41,8;39;40,7;42,5;43,5;41;38,4;27,6;28,8;38,3;38,8;36,2;43,3;53,8;49,1;61;84,5;59,5;56,6;55,5;66,7;64,8;63,5;81,6;46,4;59,2;81,9;88,6;86,3;77,9;75;73,9;79,3;83,6;87,2
New Zealand;;290,6;288,8;316,2;286,8;247,8;244,1;272,4;314,4;334,4;314,4;255,3;253,7;223,2;205,9;221,2;273,6;294,2;314;326,8;378,6;361,8;341,5;406;443,6;444,2;441,1;445,1;380;412,1;450,1;473,8;551,6;558;569,4;553,3;589,1;577,7;545,7
Papua New Guinea;¶69;12,6;14,1;17,9;13,3;14,3;16,2;18,9;12,4;16,7;16,2;9,8;6,8;6,2;4,5;2,9;3,2;3,9;4,7;4,7;5,7;5,6;7,1;6,2;8,3;13,9;12,8;13,4;11,6;8,9;8,9;8,6;9,4;9,7;8,7;13,2;9,8;8,7;10
Afghanistan;2;...;...;...;...;...;...;...;...;...;...;...;...;...;...;...;...;5,4;5,1;5,3;8,5;9,3;9,3;10,7;11,4;7,9;7;8,3;6;5,4;5,4;5,5;6,1;7,3;7;...;...;...;...
Bangladesh;9;3,1;3,5;3,4;3,4;3,7;4;4,6;5,1;5,2;5,4;5,5;5,6;5,6;5,2;4,9;5,1;5,4;5,4;5,7;6,5;6,9;8,4;10,7;11,8;11,8;13,1;15;17,7;20,3;20,2;22,4;26,5;28,1;29;25,5;21,6;21,7;21,9
India;59;13,9;12,7;12,3;9,9;9;9;9,5;10,3;10,2;11,6;11,8;13,5;13,6;13,7;13,6;14,8;18;20,1;20,6;23,9;27,5;31,8;37,3;39,6;37,2;36,8;39;38,9;42,4;47,8;48,4;51,7;52,2;54,1;56,3;57,5;59,3;63,2
Nepal;¶;1,9;1,9;2;1,8;1,9;1,8;1,8;1,8;1,8;1,9;1,8;2;2,1;2,6;3,4;4;5,1;6,1;5,9;6,4;7;7,7;9,4;10,4;9,3;10,2;11,9;11,7;12,8;15,6;15,3;15,1;15,2;15,3;15,3;15,3;14,7;14,5
Pakistan;60;25,5;23,3;24,6;26;27,8;26,4;25,8;27,6;26;23,6;22,3;20,7;19,5;18,1;20,3;22,6;24,4;26,5;28;29,4;27,9;27,5;30,3;34,5;36,3;36,6;40,8;44;45,7;51,2;51,3;44,7;44;49;42,8;35,1;41,3;46,9
Sri Lanka;61;10,3;7,8;11,4;16,9;19,7;21;25,5;43,9;43,3;38,7;39,8;33,6;43;34,7;29;27,2;30,9;32;39;51,6;73,5;73,5;73,6;83,7;70;75,3;89,2;95,1;79,8;84,8;73,9;69,8;66;67,3;44,2;48,4;54,9;60
China;55;...;10;8,7;8,4;10,4;10,4;8,2;10,2;11,6;12,7;13,7;16,3;17,6;20,8;23,6;25,7;29,2;32,8;39,2;47;59,3;72,2;78,3;92,4;106,4;119,4;131,6;141,1;142;149,6;164,2;169;181;200,5;204,5;208;219,5;236,7
Japan;56;230,9;227,9;233,8;265,2;290;331,8;362,1;398;350,1;322,2;299,4;340,4;358,6;320,6;308,8;333;354,9;346,4;324,8;316,5;361,8;401,5;426,3;474,1;468,8;383,5;367,5;330,6;365,7;354,2;382;400,4;406;425,4;344,3;385,8;437,2;503,6
North Korea;57;...;...;...;...;...;...;...;...;...;...;...;...;...;...;...;...;...;...;...;...;...;...;...;...;...;...;...;34,1;35,6;37,3;62;...;...;...;...;...;...;...
South Korea;58;181,4;219,1;230,7;247,1;260,8;276,5;300,4;355,5;360,8;324,3;226,9;260,8;296;275,9;298,9;334,2;374,5;463,8;525,4;576,5;540,2;507,3;579,2;633,9;647,3;688,5;746,5;720,3;720,5;762,1;835,1;852,9;889,8;980,4;895;923,5;920,1;924,1
Mongolia;;...;...;...;50,7;14,9;6,2;7,2;9,2;9,2;7,9;8,3;7,4;9,9;9,4;10,2;9,7;11;11,7;15,2;21,8;25,5;14,2;20,5;32;41;36,7;36,5;34,6;32;28,5;28,1;29,4;29,3;29,3;26,7;32,7;51,9;63,3
Taiwan;†¶104;353,4;400,5;424,3;449,9;482,3;552,8;562;534,8;544,1;519,6;420,1;432,5;394,9;356,6;334,6;330,3;345;351,6;334,4;355,2;388,8;394,5;391,8;430,1;450,5;426;418,1;417,1;410,2;443,8;444,2;464,5;508;589,2;650,2;699,4;654,8;785,2
Brunei;§12;751,6;761,4;918,6;947,9;945,3;855,6;933,5;993,4;1114,1;1222,9;951,8;818;756,2;659,8;671,6;708,7;569,9;698,3;810,9;879,4;967,2;917,3;1005,5;1048,7;1021,2;1009;1274,8;1010,8;949,3;805,9;821,7;942;980,8;1008;960,6;982,9;1215,7;...
Cambodia;;...;...;4;5,8;7,9;5,3;12,1;12,8;10,9;9,2;7;7,2;6,6;5,6;5,1;5,2;5,3;5,3;5,6;5,8;5,9;9,6;11,7;13,2;14,6;16,2;18,2;21;24,3;28,7;33,5;36,3;37,4;37,1;36,1;38,6;41,1;41,6
Indonesia;62;7,7;7,9;8,9;9,2;10;10,1;11,5;12,5;14,3;15,8;4,7;5,4;5,3;4,2;6,2;9,5;10,7;9,4;11,2;14,2;13,5;13,7;19,1;23,6;26;33;26,9;29,2;28;33;27,9;30,1;34,3;31,9;36,5;40,2;42,5;52,8
Laos;§;...;...;...;...;22,7;23,3;24,5;21,3;15,7;13,1;6,4;2,9;2,5;2,3;2,1;1,9;2;2,1;2,3;2,5;2,7;2,3;2,4;3;3,1;3,5;...;...;...;...;...;...;...;...;...;...;...;...
Malaysia;63;51,7;59,8;64;86,9;95;100,8;108,4;121,8;117,6;99;53,5;75;67,6;83,2;94;118,1;113,1;122,1;125;148,7;161,7;142,4;135,7;162,3;153,3;164,3;161,6;146,4;132,3;109;105,6;98,4;100,1;107,8;106,5;112,4;123,9;137,9
Myanmar;§¶64;6,7;14,1;20,6;23,5;33,7;50;67,1;92,9;109;110,1;133,5;156,1;200,5;207,8;239,1;520,7;636,9;697,3;...;...;...;...;...;...;59,8;47,3;47;50,2;47,9;42,8;29,4;28,9;47,2;49,7;46,5;46,2;92,3;...
Philippines;65;15,8;15,8;15,3;14,3;16,6;17,6;20,4;24,4;26,3;21,6;16,4;17,5;16,6;13,9;14,6;15,5;14,5;15,7;18,1;22,3;24,7;22,6;25,6;27,7;29,2;33,4;30,1;31,9;31,4;35,7;37,8;38,7;42,1;49,2;46,9;44,9;47,6;54,8
Singapore;;429,2;488,3;602,9;654,5;732,9;758,7;831,3;1058,2;1140;1194,2;1156,9;1139,8;1085,1;1056,3;1090,4;1140,7;1219,5;1297,8;1347,6;1452,6;1584,1;1535,9;1612,3;1741;1750,5;1747,8;1769,2;1708,8;1776,5;1822,8;1885,9;1838,6;1724,2;1981,4;2167,5;2423,5;2636,7;2979,8
Thailand;§;34,4;36,3;40,8;47,1;52,8;55,4;62,4;65,6;66,2;54,1;34,5;33,2;30;27,2;27,9;29,1;29,9;28,4;31,8;40,1;54,2;63,9;76;75;78,1;79,8;79,7;77,2;78,7;86,4;93,5;100,1;101,9;99,2;84;80,1;77;83,5
East Timor;§66;xxx;xxx;xxx;xxx;xxx;xxx;xxx;xxx;xxx;xxx;xxx;xxx;xxx;xxx;...;...;...;8,8;17,8;24;23,2;34,9;24,6;18,7;29,7;27,6;25,3;31;21,5;20,5;16,3;26,7;29,3;29,3;32,5;40;31,2;34
Vietnam;§67;21;7,2;7,9;6,5;4,9;4,3;6,1;...;...;...;...;...;...;...;...;10,6;11,4;12,7;15,8;21,5;24,3;33,6;31,1;34,4;53,3;61,3;61,8;66,3;67,7;67,7;72;75;73,3;76,4;71,4;79,5;85,3;103,5
Kazakhstan;†;xxx;xxx;xxx;xxx;...;...;6,2;10,5;14,6;14,6;15,3;9,3;9,3;14,3;15,8;20,2;27;37,2;49,5;84,1;94,3;77;89,8;106,4;126,7;146,4;130,4;114;70,3;75;79,7;97,3;80,2;82,3;58,7;57,7;57,1;63,2
Kyrgyzstan;52;xxx;xxx;xxx;xxx;...;...;6,2;11;11,5;11,4;9;6,8;7,9;7,1;8,6;10,7;12,2;14,5;17,1;21,9;28;27,8;33,9;38;37,5;40,8;43,1;38,7;37,6;38,8;39,9;39,7;39;38,9;51,1;68,9;71,7;83
Tajikistan;§;xxx;xxx;xxx;xxx;0,2;4,1;2,5;1;2,2;3,1;3,7;2,4;1,7;2;4;5,3;6,7;...;...;...;7,2;6,4;7,1;9,2;9,6;...;12,5;11,8;9,6;8,7;8,9;8,8;8;9,1;20,1;27,7;17,5;23,1
Turkmenistan;§53;xxx;xxx;xxx;xxx;...;...;19,5;32,6;11,5;24,7;20;25,2;...;...;...;...;...;...;...;...;...;...;...;...;...;...;...;...;...;...;...;...;...;...;...;...;...;...
Uzbekistan;§54;xxx;xxx;xxx;xxx;...;...;3,9;5;7,4;9,2;...;10,3;4,7;2,4;1,8;2,1;...;...;...;...;...;...;...;...;...;...;...;...;...;...;44,9;...;...;...;...;...;...;...
Albania;§¶3;...;...;...;...;9,6;12;15,2;15,6;14,1;9,2;10,4;13,4;14,3;16,9;18,7;24,4;32,5;35,7;46;64,1;85;61,4;63,1;67,7;62,9;61,9;61,3;45,6;45,2;49,8;60,7;68,2;68,3;77,8;80,7;141,8;191;224,2
Bosnia and Herzegovina;†§¶11;xxx;xxx;xxx;xxx;...;...;...;...;...;...;...;...;...;...;57,5;48,3;48;42,1;43,7;48,2;58,6;62;57,2;56,1;53,2;54,4;53,1;45,8;45,2;45,3;50,5;49,1;50,4;64;57,4;67,9;68;73,4
Bulgaria;†13;...;230,4;89,5;26,5;29,6;33,3;28,7;37,1;25,7;29,6;39,2;44,1;43,7;51;57,8;72,6;79,9;86,5;93,3;130,1;153,6;120,5;111,5;102,3;98,2;111,4;103,2;87,8;93,7;101,4;136,4;308,4;160,9;184,4;210,1;292,2;323,5;384,3
Croatia;70;xxx;xxx;xxx;xxx;7,5;121,5;313,1;419;394,2;371,2;299,7;235,9;153,3;145,1;167,5;165,5;168,7;182;191,3;221;288,1;255;227,9;254;223,4;226,3;254,3;212;200,9;221,7;234,9;246,3;247,2;345,5;327,8;361;445;544,3
Czechia;71;xxx;xxx;xxx;xxx;...;79,1;90,9;103,2;109,1;96,1;113,5;117,6;113;115,6;146;184,1;199,2;237,5;238,1;262,4;281,8;261,4;239,2;236;211,4;204,5;192,4;169,2;185,7;198,5;261;282,3;303,3;371,7;369,6;418,9;603,4;660,2
Czechoslovakia;72;...;...;...;...;...;xxx;xxx;xxx;xxx;xxx;xxx;xxx;xxx;xxx;xxx;xxx;xxx;xxx;xxx;xxx;xxx;xxx;xxx;xxx;xxx;xxx;xxx;xxx;xxx;xxx;xxx;xxx;xxx;xxx;xxx;xxx;xxx;xxx
Estonia;‖73;xxx;xxx;xxx;xxx;...;8,6;16,9;24,8;28,7;37,2;42,3;52,5;56;67,4;88,6;124,9;150,2;150,6;175;277,4;322,7;265,5;249,2;293,1;329,6;363,2;389,7;353,2;378,5;411,3;466,4;480,8;541,5;562,7;614,6;904,8;1041,8;1164
German Democratic Republic;74;...;...;xxx;xxx;xxx;xxx;xxx;xxx;xxx;xxx;xxx;xxx;xxx;xxx;xxx;xxx;xxx;xxx;xxx;xxx;xxx;xxx;xxx;xxx;xxx;xxx;xxx;xxx;xxx;xxx;xxx;xxx;xxx;xxx;xxx;xxx;xxx;xxx
Hungary;;98,3;78;81,6;69,6;78,3;71;73,2;59,3;56,7;67,6;60,2;68,7;70,2;83;106,3;138,5;151,8;158,4;140,2;176,9;186,3;147,4;135,2;147,7;133,2;129,2;122,5;115;131,1;174,4;165,2;224,1;283,3;247,7;336,1;450,1;488,4;517,7
Kosovo;;xxx;xxx;xxx;xxx;xxx;xxx;xxx;xxx;xxx;xxx;xxx;xxx;xxx;xxx;xxx;xxx;xxx;xxx;xxx;xxx;0,5;15,1;21,5;28,5;24,1;26,8;29,4;27,8;29,5;32,5;35,7;37,3;45,2;45,3;62,3;77,9;98;139,7
Latvia;‖75;xxx;xxx;xxx;xxx;...;6,8;13,3;17,4;15,4;15,5;17,4;23,6;29,4;36,9;63,4;82,2;100,7;121,1;165;217,9;265,4;168,2;122,4;143,1;125,1;140,1;147,7;142,3;205,4;247,4;366,6;360,3;388,9;434,5;456,1;665,1;766,4;928,9
Lithuania;‖;xxx;xxx;xxx;xxx;...;5,6;5,7;8,4;11,7;21,1;38,8;30,1;40;47,8;52,5;61,4;79,7;90,6;106,9;136;168,5;127,1;103,8;112,9;109,4;119,4;145;161,3;219,9;285,1;376;391,3;420,1;467,3;650,1;795,8;937,8;1035,3
North Macedonia;†77;xxx;xxx;xxx;xxx;...;...;...;...;65,1;41,2;38,9;32,4;34;109,8;51,3;55,7;64,9;60,8;60,3;77,9;83,1;76,9;63,2;64,7;58,7;62,6;61,9;50,3;51,4;52,3;60,8;79,2;77,8;105,6;112,4;152,7;163,9;206,1
Montenegro;76;xxx;xxx;xxx;xxx;xxx;xxx;xxx;xxx;xxx;xxx;xxx;xxx;xxx;xxx;xxx;xxx;xxx;95,9;98,3;101,3;134,4;121,2;118,8;125,6;106,9;102,3;106,7;90,3;98,5;105,7;121,9;120,6;136;150,4;162,9;182;234,8;276,9
Poland;78;47,2;39,4;40,5;45,2;49,3;55,5;58,8;70,9;80,4;83,2;91,1;84,2;82,2;94,9;98,7;108,6;125,1;154,6;173,7;225,8;246;208;231,2;247,7;235;242,5;270,4;266,9;239,4;260,8;314,8;307,9;358,8;400,8;404;681,7;890,2;1218,8
Romania;¶‖;110,8;112,6;75,9;60;36,2;31,6;41,1;43,3;38,7;47,8;56,1;43;42,3;44,8;48,3;57,7;71,2;92,7;106,6;124,5;144,3;107,8;101,7;116,9;104,1;122;134,5;129,5;133,5;184,6;221,9;235,7;259,7;273,9;270,6;293,4;436,1;512,9
Serbia;79;xxx;xxx;xxx;xxx;...;...;...;...;...;117,2;82,5;95,1;43,7;64,4;88,9;96,1;97,5;83,3;93,7;129,6;148,8;131;117,7;133,7;117,7;127,7;126,7;97,2;109,7;113,6;151,1;168,1;184,8;262,6;213,6;264,6;355,6;414,2
Slovakia;‖;xxx;xxx;xxx;xxx;xxx;50,2;56,2;117,7;119,7;93,1;74;60,9;63,6;73,2;81,8;116,1;132,3;153,1;169,5;211,9;262,5;250,9;211,1;197,4;188,9;179;184,3;182;185;193,1;236,3;330,2;361,1;363,8;380,6;417,8;504,8;567,6
Slovenia;‖;xxx;xxx;xxx;xxx;140,8;115,5;119,7;168,3;166;146,5;151,8;139;112;136,6;164,2;209,3;247,4;257,9;304,4;345,2;410,2;393,9;377,9;325,3;264,9;246,6;236,3;194,6;218;229,8;256,7;275,9;274,8;360,8;366,9;429,6;462,7;576,8
Yugoslavia;80;...;...;...;...;...;xxx;xxx;xxx;xxx;xxx;xxx;xxx;xxx;xxx;xxx;xxx;xxx;xxx;xxx;xxx;xxx;xxx;xxx;xxx;xxx;xxx;xxx;xxx;xxx;xxx;xxx;xxx;xxx;xxx;xxx;xxx;xxx;xxx
Armenia;†6;xxx;xxx;xxx;xxx;...;2,8;...;15,7;15,9;19,6;20,7;21,4;21,6;21,3;20,9;25,1;32,4;46,7;62,8;93,9;133,5;121,7;134,4;133,7;130,2;152,1;156,6;153,1;147,7;152,1;176,2;224,3;218,6;215;278,1;457;475,2;582,2
Azerbaijan;‖7;xxx;xxx;xxx;xxx;1,5;10,4;5,8;8,6;9,2;11,7;13,4;14,9;14,7;16,1;16,9;21,1;27,1;35,6;82,9;107,9;180,9;163,7;162,4;334,8;348,6;356,7;358,2;299,2;142,4;154;167;184,2;220,4;264,8;291,6;344,7;366,5;476,4
Belarus;;xxx;xxx;xxx;xxx;...;...;17,3;17,5;18;24,6;22,5;16,5;14;17,8;20,6;23,5;32,2;46,7;65,6;78;92,5;71;80,8;79,8;85,3;101,4;86,8;67,8;76,6;79;97,3;95;91,6;102,3;130,6;152,8;165,5;214,7
Georgia;†§81;xxx;xxx;xxx;xxx;...;...;...;...;13,9;9,3;8,9;5,7;4,3;5,6;8,2;10,4;17,3;53;100,8;234;275,8;153,6;116,2;120,7;127,6;115,6;109,5;79;83,1;84,7;88;81,8;75,8;79,2;106,1;133;141,3;172,8
Moldova;†¶82;xxx;xxx;xxx;xxx;...;...;...;3;3,5;4;2,4;1,4;1,2;1,4;1,7;2;2,3;3;4,2;5,8;9,7;6,7;5;6,4;6,8;7,8;8,2;7;8,4;9,6;11,8;12,8;14;16,6;18,1;29,9;35,8;37,6
Russia;83;xxx;xxx;xxx;xxx;...;52,4;91,5;85,9;106,8;118,8;53,8;43,8;62,8;79,8;95,7;116,2;144,1;188,7;239,2;302,5;390,7;358,3;408;487,9;565,2;611,7;585;457,8;476;458,1;421,3;444,6;422,3;450,9;717,6;749,6;1028,9;1318,4
Ukraine;84;xxx;xxx;xxx;xxx;...;2,9;17,6;20,2;28,5;40,6;27,8;18,8;22,8;22,1;24,1;29,5;35;50,3;63,1;86,8;102,5;73,9;80,1;79,5;89,5;95;86;76,4;74,9;79,8;104,9;138,9;152,6;153,7;942,5;1717,2;1729,9;2197,3
USSR;;...;...;...;...;xxx;xxx;xxx;xxx;xxx;xxx;xxx;xxx;xxx;xxx;xxx;xxx;xxx;xxx;xxx;xxx;xxx;xxx;xxx;xxx;xxx;xxx;xxx;xxx;xxx;xxx;xxx;xxx;xxx;xxx;xxx;xxx;xxx;xxx
Austria;;226,2;213,8;258;258,5;274,3;268,3;280,9;321,9;309;271,7;270,9;266,1;240,6;223;233,4;294;329;327,5;319,8;422,5;450,9;400;385,3;407;379;382;388,4;310,4;331,7;359,4;384;376,6;431,4;469,4;401,7;487,3;580,2;696,9
Belgium;;413,6;391;466,9;463,6;412,2;372;390,5;439,1;418,2;362,2;359,5;352,4;312,4;296,1;306,7;375,1;410,7;404,9;410,2;488,5;592,7;524,8;482,9;500,6;466,6;472,6;464,9;374,1;376,5;391,3;424,8;415,5;462,4;540;595,4;652,7;730,5;1236,8
Cyprus;†§;320,6;317,4;525,5;527,1;783,6;328,6;357,2;350;514,1;600,8;533,9;310,5;293,2;337;244,9;290,6;333,6;365,7;364,8;379,6;419,5;428,4;427;421,9;358,6;327,6;299,9;270,8;240,4;286,8;356,7;362,5;373,4;413,6;402;417,7;440,9;486
Denmark;;452,4;425,7;516;519,2;549,7;517,7;523,2;597,8;587,7;531,6;537,5;524,1;448,9;472,1;501,8;594,2;663;640,9;717,9;766,6;874,4;787;813,7;812,6;792,4;752,6;720,9;594,4;629,5;654,7;788,5;772,9;839,3;903;931,3;1372,5;1615,9;2495,2
Finland;85;345,1;356,6;430,5;440,3;412,8;319,6;345,9;374,4;395,1;379,4;380,7;320,7;302,1;285,8;311,7;476,5;555,2;573;595,8;625,5;749,8;742,8;695,3;763,7;730;767;732,1;621,5;622,9;627,7;681,4;658,7;701,6;692,5;802,9;1060,2;1158,7;1437,3
France;101;539,6;524,8;629,3;627,8;660,2;620;644;690,6;668,7;593,4;573,3;555;480,4;468,7;511;638,5;731,9;724;741,1;815,2;887,9;900,2;823,5;852,4;785,9;809,9;824,2;704,4;703,8;735,8;785,2;768,6;813,4;890,1;827,3;897;956,1;1021,1
Germany;;420,9;400,4;499,5;462,6;488;428,9;416,8;471;444,6;377,9;376,8;374,5;323,4;314,2;336,7;400,9;434,5;434,6;437,9;493,5;557,6;551,9;532,6;559,7;541,3;546,9;551;468;483,8;513,2;558,8;587,8;638,8;675,9;670;812,6;1017,2;1345,7
Greece;;270,8;251;311,9;306,1;350,6;323,9;343,6;398,3;437,5;431,7;453;468,4;424,4;410;437,4;462,8;574,4;641,4;692,2;774,5;960;963;734,8;641,4;533,3;513,9;506,8;443,9;460,7;475,8;536,3;502;539,9;777;835,8;678,4;729,2;842,3
Iceland;86;0;0;0;0;0;0;0;0;0;0;0;0;0;0;0;0;0;0;0;0;0;0;0;0;0;0;0;0;0;0;0;0;0;0;0;0;0;0
Ireland;;128,3;123,5;169,4;177,5;190;167,5;176,9;195,2;207,2;209,5;201,1;198,8;184;200,5;208,2;243,7;273,7;278,8;283,2;316,6;355,5;313,3;280,1;284,6;252,2;259,3;257,1;213,1;211,9;214,5;228,7;226,9;230,6;253,4;230,4;245,7;255,1;272,3
Italy;87;305,8;310,4;363,8;378,3;388,5;319,1;315,9;298,1;363,9;352,5;364,1;367,2;347,2;340,7;377;466,3;522,1;509,2;505,3;543,3;620,7;569,8;533,3;561,1;492,7;494,2;447,3;358,7;404;416;459,2;418,6;527,1;586,1;564,1;596,1;636,8;812,5
Luxembourg;88;231,2;202,3;255;280,4;316,4;274;315,1;351;344,1;322;339,6;329,5;295,7;364,7;345,3;442,9;515,6;528,2;526,6;600,4;362,9;373,6;357;382,4;348,8;366,6;298,6;283,1;288;363,7;483,4;528,1;580;556,7;714,5;882,8;924,7;1263,8
Malta;†‖;62,2;58,7;57,8;58,8;71,6;65,4;73,4;81,3;86,2;80;74,1;70,8;63,6;67,6;70,3;83,9;99;127,4;107,2;118,3;134;140,8;139,3;132;117,3;125,8;131,6;117,8;132,5;139,6;140,6;162,6;167,7;168,5;150,7;161;174,5;229,6
Netherlands;;455,3;430,2;495,8;480,1;519,5;460;462,2;515,9;501,8;436,2;433,5;442,3;373,4;384,6;414,2;511,6;571,8;581,6;620;695,5;747,5;729,1;670,7;692,8;613,7;603,6;608;507,9;531,6;555;639,9;686,8;743,4;814,6;766,3;922,6;1297,9;1582,4
Norway;;689,5;694,8;802;773,6;890,1;738,7;786,9;806,8;809,4;740,6;752,7;744,4;652,5;658,6;898,7;992,4;1067,7;1060,5;1080,1;1255,2;1344,9;1291;1337,7;1469,9;1432,9;1463,4;1436;1125,7;1150,3;1303,4;1424,1;1415,6;1346,1;1564,6;1603,3;1603,2;1944,6;3039,8
Portugal;;101,7;110;141,6;160,1;192,1;166,2;164,5;201,3;195,5;178,8;174,1;178,4;162,5;170,1;189,2;226,4;271,9;299,5;300;314,1;351,8;356,9;359,7;363,4;374,5;363;329,4;301,8;312,2;309,8;325,5;319,8;317,7;373,9;334,9;338,3;433,7;562,5
Spain;89;228,8;238,6;299,4;298,7;311,7;253,9;253,8;286,3;281,3;244,6;255;273;251,1;248,5;248,3;305,6;356,1;366,9;389,3;445,1;483,7;433,8;421,6;419,7;400,7;367,1;367,4;325,3;300,2;342,9;379,6;363,9;366,3;418,5;434;518,4;525,9;839,4
Sweden;;584,5;595;723,5;724;742,6;576,6;589,5;649,9;702;588,3;580,1;581,5;540,5;464,7;488,8;593,4;614,4;612,4;616,4;700,8;656,1;547;630,1;671,7;658,4;683,2;679,7;552,6;551,2;553,8;566,5;570,6;607,1;730,5;738,7;835;1138,5;1549,3
Switzerland;†¶90;498,8;465,5;607,7;594,9;604,8;522,8;559,6;661,9;600,3;494;492,4;441,7;390,8;383,7;397,7;447,5;476,2;470,3;446,6;469,8;540,2;527;529;631,8;577,1;625,9;566,6;548,7;548,9;549,6;558,2;587,6;665,8;632,6;646,5;713,7;734,6;848,6
United Kingdom;91;673,5;656;760,4;818,6;791;659,4;665,9;659,3;662,4;683,4;704,4;694;667,4;667,8;744,8;877,2;1004,7;1021,2;1055,9;1198,5;1180,1;1028;1019,6;1052,2;1026,7;994,8;1036,9;921,2;812,4;787,3;838,8;845;867;966,3;942,6;1075,5;1303,1;1283
European Union;†¶103;xxx;xxx;xxx;xxx;xxx;xxx;xxx;xxx;xxx;xxx;xxx;xxx;xxx;xxx;xxx;xxx;xxx;xxx;xxx;xxx;xxx;xxx;xxx;xxx;xxx;xxx;xxx;xxx;xxx;xxx;xxx;xxx;xxx;xxx;...;...;...;...
Bahrain;8;440,2;446,4;473;502,9;516,9;502,9;498,9;517,8;535,6;522,2;522,1;563,1;542,2;550;614,4;660,2;632,4;569,2;596;626,4;661,1;718,6;693,8;852,9;983,7;1094,8;1149,4;1074,4;1077,6;1048,3;1017,1;1043,1;950,5;966;1054,6;1045,7;871,6;902,8
Egypt;§¶;81,8;62,8;39,3;22,7;23,3;24,5;27;30;31,9;33,5;34,3;34,6;36,3;38,4;38,5;30,9;30,1;33,1;36;39,6;44,4;46,4;49,9;49,6;49,5;46,3;52,7;55,5;44,9;26,9;29,8;35,1;41,5;46,9;41,6;27,9;20,8;21,3
Iran;92;348,2;291,6;286,4;296,2;324,9;23,5;27,8;40,4;56,8;73,4;85,5;102,3;126,4;155,1;47,7;54,6;75,5;95,7;120,5;125,8;147,7;165,6;176,3;183,3;209,1;150,2;122,3;129;147,1;165;137,8;56,8;38,3;64,8;83,9;82;86,6;80,4
Iraq;§¶93;...;...;...;...;...;...;...;...;...;...;...;...;...;...;...;...;22,6;40;42,9;70;109,8;109,5;122,9;135,6;126,3;225,3;192,2;259,1;156,9;190,7;159,1;188,1;136,3;111,9;108,5;128,4;139,1;138,6
Israel;94;1638;1278,6;1476,5;2000,2;1495,1;1543,5;1509,4;1482;1544,1;1517,2;1395,1;1286,8;1360,9;1353,7;1251,2;1261,7;1306,4;1321;1360;1626,7;1943;1765;1880,9;1964,6;1855,1;2049,6;2193,4;2003,5;2040,9;2260,6;2283,5;2306,1;2411,1;2660,2;2525,9;2948,9;4926,2;5107,9
Jordan;†;188,5;117,2;94;113,6;91,5;92,3;91,5;64,3;86,3;89,1;97,2;98,1;99,3;97,2;93,9;107,8;101;101,3;115;152,9;196,8;221,6;216,2;215,9;194,5;190,1;184,8;175,5;178,9;191,6;189,3;192,1;191;198,5;209,1;217;219,7;220,8
Kuwait;95;813,8;954,5;3966,2;11642;3965,7;1776,7;1977,2;2222,1;1905,2;1395,1;1256,6;1221,1;1399,1;1355,2;1386,9;1501,2;1616,5;1609,6;1568,9;1689,4;1717,5;1545,5;1511,8;1786,5;1830,1;1662,4;1625,5;1532;1642,3;1657;1695,2;1668,2;1554,8;2081,3;1879,8;1617,8;1596,7;1622,6
Lebanon;§106;11,5;...;60,2;63,2;119,4;119,7;165,3;190,2;184;166,5;167,4;196,7;216,6;219,6;204,5;205,7;209,2;207,6;214,4;240,2;239,1;287,6;315,5;321,6;342,2;362,7;369,1;342,2;407,2;390,9;456,9;394,7;75,8;30,1;38,2;49,7;109,8;142,2
Oman;‡96;743,7;717,7;841,8;694,1;800,6;726,7;737,2;720,3;671,8;681,6;597,3;598,9;695,5;792,5;804;837,9;938,3;1126,1;1215,2;1276,2;1332,7;1268,3;1352,6;1785,6;2759;2343,1;2091,8;1847,2;1849,3;1515;1650,2;1420,7;1333,5;1292,8;1277,5;1186,2;1159,4;1109,4
Qatar;§102;2431,4;2027,8;1826,9;2001,5;...;...;...;...;...;...;...;...;...;...;1095,8;1077,9;1014,3;1130,3;1231,2;1446,4;1733,2;1284,6;1133,8;...;...;...;...;...;...;...;...;...;...;4154,2;5428,3;...;...;...
Saudi Arabia;97;1423,1;1291,2;1575,3;1500,7;1344,7;1376,6;1144,1;1013,9;983,8;1285,4;1424,2;1205,5;1267,8;1266;1058,8;1021,8;1087,6;1262,5;1408,1;1618,8;1674,6;1737,5;1832,9;1893,6;2125,4;2433,3;2832,7;2956,9;2090,1;2273,1;2438,8;2168,9;2095,4;2027,2;2252,6;2366;2386,4;2427,6
Syria;§;321,4;123,8;132,6;226,4;225,8;104,9;116,9;66,4;67,2;68,8;70,2;70,4;54,6;60,7;63,9;81,2;76,7;78,1;75,3;79,1;80,4;100,4;105,5;109,7;...;...;...;...;...;...;...;...;...;...;...;...;...;...
Turkey;‖105;49,9;62;95,8;100,3;107,1;121;88,9;109,1;122,2;124,9;138,7;155,1;153,7;109,6;135,8;152,4;160,1;175,2;187,1;212,9;236,4;222,8;242,1;230,5;237;243,3;228,1;198,3;220,1;214;234,2;240,9;184,4;176,3;173,1;220,6;286,3;342,4
United Arab Emirates;§98;...;...;...;...;...;...;...;...;...;1232,4;1369,6;1342,7;1738,8;1607,1;1394,5;1432,1;1581,4;1452,3;1498,3;1616;1924,3;2099;2565,9;2719;2590,3;3079,9;2839,5;...;...;...;...;...;...;...;...;...;...;...
Yemen, North;§100;...;...;xxx;xxx;xxx;xxx;xxx;xxx;xxx;xxx;xxx;xxx;xxx;xxx;xxx;xxx;xxx;xxx;xxx;xxx;xxx;xxx;xxx;xxx;xxx;xxx;xxx;xxx;xxx;xxx;xxx;xxx;xxx;xxx;xxx;xxx;xxx;xxx
Yemen;§99;xxx;xxx;59,3;72,6;88,9;100,5;148,4;49;24,4;22,6;21,2;21,1;24,5;27,1;35,9;38,2;33,8;36,4;35,5;43,9;48,4;55,7;55;59,3;57,8;57,1;57,6;...;...;...;...;...;...;...;...;...;...;...
